{"cameraMode":{"drawMode":0,"name":"Shaded","section":"Shading Mode"},"sceneLighting":false,"audioPlay":false,"sceneViewState":{"showFog":true,"showMaterialUpdate":true,"showSkybox":true,"showFlares":true,"showImageEffects":true,"showParticleSystems":true},"in2DMode":false,"pivot":{"x":-0.000007987022399902344,"y":-71.38622283935547,"z":-0.20000000298023225},"rotation":{"x":0.026747221127152444,"y":0.18483082950115205,"z":-0.005032271612435579,"w":0.9823934435844421},"size":2.7124340534210207,"orthographic":false}