{"cameraMode":{"drawMode":0,"name":"Shaded","section":"Shading Mode"},"sceneLighting":true,"audioPlay":false,"sceneViewState":{"showFog":true,"showMaterialUpdate":true,"showSkybox":true,"showFlares":true,"showImageEffects":true,"showParticleSystems":true},"in2DMode":false,"pivot":{"x":23.011930465698243,"y":-3.6417276859283449,"z":39.79233932495117},"rotation":{"x":-0.015944872051477433,"y":0.14911651611328126,"z":0.002404864178970456,"w":0.9886881709098816},"size":74.07756805419922,"orthographic":false}